﻿<?xml version="1.0" encoding="utf-8"?>
<clothingItem>
	<m_MaleModel>media\models_X\Static\Clothes\M_WristWatch_Square_Left.X</m_MaleModel>
	<m_FemaleModel>media\models_X\Static\Clothes\F_WristWatch_Square_Left.X</m_FemaleModel>
	<m_GUID>ca3465cb-21ae-4b38-af1f-0201ab9b7986</m_GUID>
	<m_Static>true</m_Static>
	<m_AllowRandomHue>false</m_AllowRandomHue>
	<m_AllowRandomTint>true</m_AllowRandomTint>
	<m_AttachBone>Bip01_L_Forearm</m_AttachBone>
	<m_MasksFolder>none</m_MasksFolder>
	<textureChoices>wristwatchsquare_digitalblack</textureChoices>
</clothingItem>