﻿<?xml version="1.0" encoding="utf-8"?>
<clothingItem>
	<m_MaleModel>media\models_X\Static\Clothes\M_WristWatch_Square_Left.X</m_MaleModel>
	<m_FemaleModel>media\models_X\Static\Clothes\F_WristWatch_Square_Left.X</m_FemaleModel>
	<m_GUID>27b7ff51-f02a-4128-ac21-5adc92e21519</m_GUID>
	<m_Static>true</m_Static>
	<m_AllowRandomHue>false</m_AllowRandomHue>
	<m_AllowRandomTint>false</m_AllowRandomTint>
	<m_AttachBone>Bip01_L_Forearm</m_AttachBone>
	<m_MasksFolder>none</m_MasksFolder>
	<textureChoices>wristwatchsquare_digitalred</textureChoices>
</clothingItem>