﻿<?xml version="1.0" encoding="utf-8"?>
<clothingItem>
	<m_MaleModel>media\models_X\Static\Clothes\M_WristWatch_Square_Right.X</m_MaleModel>
	<m_FemaleModel>media\models_X\Static\Clothes\F_WristWatch_Square_Right.X</m_FemaleModel>
	<m_GUID>fb68aaa4-c93f-4fb4-b101-9ba30c9cb9dc</m_GUID>
	<m_Static>true</m_Static>
	<m_AllowRandomHue>false</m_AllowRandomHue>
	<m_AllowRandomTint>false</m_AllowRandomTint>
	<m_AttachBone>Bip01_R_Forearm</m_AttachBone>
	<m_MasksFolder>none</m_MasksFolder>
	<textureChoices>wristwatchsquare_digitalblack</textureChoices>
</clothingItem>