﻿<?xml version="1.0" encoding="utf-8"?>
<clothingItem>
	<m_MaleModel>media\models_X\Static\Clothes\M_WristWatch_Square_Right.X</m_MaleModel>
	<m_FemaleModel>media\models_X\Static\Clothes\F_WristWatch_Square_Right.X</m_FemaleModel>
	<m_GUID>f2808bf1-9654-4866-ad43-4861e525b77f</m_GUID>
	<m_Static>true</m_Static>
	<m_AllowRandomHue>false</m_AllowRandomHue>
	<m_AllowRandomTint>false</m_AllowRandomTint>
	<m_AttachBone>Bip01_R_Forearm</m_AttachBone>
	<m_MasksFolder>none</m_MasksFolder>
	<textureChoices>wristwatchsquare_digitalred</textureChoices>
</clothingItem>