﻿<?xml version="1.0" encoding="utf-8"?>
<clothingItem>
	<m_MaleModel>media\models_X\Static\Clothes\M_Bracelet_ChainLeft.X</m_MaleModel>
	<m_FemaleModel>media\models_X\Static\Clothes\F_Bracelet_ChainLeft.X</m_FemaleModel>
	<m_GUID>8a0dfbd0-1128-47b0-90ed-a81f96c25c35</m_GUID>
	<m_Static>true</m_Static>
	<m_AllowRandomHue>false</m_AllowRandomHue>
	<m_AllowRandomTint>true</m_AllowRandomTint>
	<m_AttachBone>Bip01_L_Forearm</m_AttachBone>
	<m_MasksFolder>none</m_MasksFolder>
	<textureChoices>braceletchain_white</textureChoices>
</clothingItem>