﻿<?xml version="1.0" encoding="utf-8"?>
<clothingItem>
	<m_MaleModel>media\models_X\Static\Clothes\M_Bracelet_ChainRight.X</m_MaleModel>
	<m_FemaleModel>media\models_X\Static\Clothes\F_Bracelet_ChainRight.X</m_FemaleModel>
	<m_GUID>e28e4564-e853-4876-8ee9-63754e28808c</m_GUID>
	<m_Static>true</m_Static>
	<m_AllowRandomHue>false</m_AllowRandomHue>
	<m_AllowRandomTint>false</m_AllowRandomTint>
	<m_AttachBone>Bip01_R_Forearm</m_AttachBone>
	<m_MasksFolder>none</m_MasksFolder>
	<textureChoices>braceletchain_silver</textureChoices>
</clothingItem>