﻿<?xml version="1.0" encoding="utf-8"?>
<clothingItem>
	<m_MaleModel>media\models_X\Static\Clothes\M_Bracelet_ChainLeft.X</m_MaleModel>
	<m_FemaleModel>media\models_X\Static\Clothes\F_Bracelet_ChainLeft.X</m_FemaleModel>
	<m_GUID>4c7aadbc-1387-4de2-b4d4-b573b2d14f8e</m_GUID>
	<m_Static>true</m_Static>
	<m_AllowRandomHue>false</m_AllowRandomHue>
	<m_AllowRandomTint>true</m_AllowRandomTint>
	<m_AttachBone>Bip01_L_Forearm</m_AttachBone>
	<m_MasksFolder>none</m_MasksFolder>
	<textureChoices>braceletchain_white</textureChoices>
</clothingItem>