﻿<?xml version="1.0" encoding="utf-8"?>
<clothingItem>
	<m_MaleModel>media\models_X\Static\Clothes\M_Bracelet_ChainRight.X</m_MaleModel>
	<m_FemaleModel>media\models_X\Static\Clothes\F_Bracelet_ChainRight.X</m_FemaleModel>
	<m_GUID>e0326808-75a8-4bef-a712-ef89dddd7b1f</m_GUID>
	<m_Static>true</m_Static>
	<m_AllowRandomHue>false</m_AllowRandomHue>
	<m_AllowRandomTint>true</m_AllowRandomTint>
	<m_AttachBone>Bip01_R_Forearm</m_AttachBone>
	<m_MasksFolder>none</m_MasksFolder>
	<textureChoices>braceletchain_white</textureChoices>
</clothingItem>