<?xml version="1.0" encoding="utf-8"?>
<fileGuidTable>
    <files>
        <path>media/clothing/clothingItems/Bracelet_LeftSurvival.xml</path>
        <guid>8a0dfbd0-1128-47b0-90ed-a81f96c25c35</guid>
    </files>
    <files>
        <path>media/clothing/clothingItems/Bracelet_LeftSurvival9mm.xml</path>
        <guid>5212d366-81c9-4988-b43c-eac44459fdfe</guid>
    </files>
    <files>
        <path>media/clothing/clothingItems/Bracelet_LeftSurvival12ga.xml</path>
        <guid>f1715edb-91fb-4adf-858e-404216da3e9e</guid>
    </files>
    <files>
        <path>media/clothing/clothingItems/Bracelet_LeftSurvival38spc.xml</path>
        <guid>a25bcb86-2512-44cb-9926-8b123c155ce7</guid>
    </files>
    <files>
        <path>media/clothing/clothingItems/Bracelet_LeftSurvival44mag.xml</path>
        <guid>e1ec08e3-1f10-42fe-8ff6-e0be9045c5e9</guid>
    </files>
    <files>
        <path>media/clothing/clothingItems/Bracelet_LeftSurvival45acp.xml</path>
        <guid>624b4c97-bef7-4a00-8d29-431550f5239b</guid>
    </files>
    <files>
        <path>media/clothing/clothingItems/Bracelet_LeftSurvivalElectrical.xml</path>
        <guid>e024206f-f17f-41f9-a3ec-7240441f5129</guid>
    </files>
    <files>
        <path>media/clothing/clothingItems/Bracelet_LeftSurvivalFishing.xml</path>
        <guid>0a0e0190-bad2-47be-a112-2a8e24e180d4</guid>
    </files>
    <files>
        <path>media/clothing/clothingItems/Bracelet_LeftSurvivalMedical.xml</path>
        <guid>b0e9ef2a-4885-490a-9b4f-fbe246a45ba8</guid>
    </files>
    <files>
        <path>media/clothing/clothingItems/Bracelet_LeftSurvivalTailoring.xml</path>
        <guid>bee27a63-8516-4584-b8e9-efd4915a1b94</guid>
    </files>
    <files>
        <path>media/clothing/clothingItems/Bracelet_LeftSurvivalTrapping.xml</path>
        <guid>a4c8fbdf-a9d9-42ce-8904-1bd97136f17f</guid>
    </files>
    <files>
        <path>media/clothing/clothingItems/Bracelet_RightSurvival.xml</path>
        <guid>aaa4a0e4-1b52-4882-93f6-db95efcea011</guid>
    </files>
    <files>
        <path>media/clothing/clothingItems/Bracelet_RightSurvival9mm.xml</path>
        <guid>da79594c-b451-451c-a1f0-b2d747e6ad02</guid>
    </files>
    <files>
        <path>media/clothing/clothingItems/Bracelet_RightSurvival12ga.xml</path>
        <guid>3b365293-563c-4bc6-9386-4084b5412f85</guid>
    </files>
    <files>
        <path>media/clothing/clothingItems/Bracelet_RightSurvival38spc.xml</path>
        <guid>e4aa3f74-b75b-4def-9760-487ccdf85390</guid>
    </files>
    <files>
        <path>media/clothing/clothingItems/Bracelet_RightSurvival44mag.xml</path>
        <guid>ba2f6ef5-9d28-4256-8848-a385a6a66ba3</guid>
    </files>
    <files>
        <path>media/clothing/clothingItems/Bracelet_RightSurvival45acp.xml</path>
        <guid>da46c10f-d3ba-4608-b99e-b5584c446aea</guid>
    </files>
    <files>
        <path>media/clothing/clothingItems/Bracelet_RightSurvivalElectrical.xml</path>
        <guid>c697e5bf-3a85-4dcf-9f9a-74e9f97ec116</guid>
    </files>
    <files>
        <path>media/clothing/clothingItems/Bracelet_RightSurvivalFishing.xml</path>
        <guid>d271518a-b3e5-40de-8edb-fed357007d72</guid>
    </files>
    <files>
        <path>media/clothing/clothingItems/Bracelet_RightSurvivalMedical.xml</path>
        <guid>1cc0ed02-adfe-4a18-a260-aedb7da173d0</guid>
    </files>
    <files>
        <path>media/clothing/clothingItems/Bracelet_RightSurvivalTailoring.xml</path>
        <guid>b8a64481-4bc3-44d7-bf8f-c67e93f4ac87</guid>
    </files>
    <files>
        <path>media/clothing/clothingItems/Bracelet_RightSurvivalTrapping.xml</path>
        <guid>cdb6fd2a-cdd4-484a-b873-664aeb74b39c</guid>
    </files>
    <files>
        <path>media/clothing/clothingItems/WristWatch_Left_DigitalBlackBushcraftFish.xml</path>
        <guid>dbe7f517-5b29-474f-858b-7fdf31ba032b</guid>
    </files>
    <files>
        <path>media/clothing/clothingItems/WristWatch_Left_DigitalBlackBushcraftTrap.xml</path>
        <guid>1e6c296b-4b0d-408d-9fa9-d27e0e4a6f2f</guid>
    </files>
    <files>
        <path>media/clothing/clothingItems/WristWatch_Left_DigitalBlackDean.xml</path>
        <guid>4e8f23f7-e799-4488-956c-a508e1792fc1</guid>
    </files>
    <files>
        <path>media/clothing/clothingItems/WristWatch_Left_DigitalBlackSurvival.xml</path>
        <guid>ab1b340b-a321-443f-9fa6-a5d3a8d443be</guid>
    </files>
    <files>
        <path>media/clothing/clothingItems/WristWatch_Left_DigitalBlackSurvivalFish.xml</path>
        <guid>cb40f55f-07b6-4bf9-99e7-b5136452e738</guid>
    </files>
    <files>
        <path>media/clothing/clothingItems/WristWatch_Left_DigitalBlackSurvivalFishLineOra.xml</path>
        <guid>1f4477ee-021d-4cf3-a9b7-bf17b8bb51cc</guid>
    </files>
    <files>
        <path>media/clothing/clothingItems/WristWatch_Left_DigitalBlackSurvivalFishOra.xml</path>
        <guid>4ba10cb4-61b6-495f-bb87-18de9b897ccd</guid>
    </files>
    <files>
        <path>media/clothing/clothingItems/WristWatch_Left_DigitalBlackSurvivalNail.xml</path>
        <guid>ccc49bba-a4b1-49d4-ab49-30d0a076855d</guid>
    </files>
    <files>
        <path>media/clothing/clothingItems/WristWatch_Right_DigitalBlackBushcraftFish.xml</path>
        <guid>e83cef6b-11b9-49d4-b387-c86ca4e6e949</guid>
    </files>
    <files>
        <path>media/clothing/clothingItems/WristWatch_Right_DigitalBlackBushcraftTrap.xml</path>
        <guid>edfb20b3-51ad-4e63-8cd1-8d5f39105d65</guid>
    </files>
    <files>
        <path>media/clothing/clothingItems/WristWatch_Right_DigitalBlackDean.xml</path>
        <guid>7cf7e5a0-9bb6-42c6-a8f3-31a80faeef32</guid>
    </files>
    <files>
        <path>media/clothing/clothingItems/WristWatch_Right_DigitalBlackSurvival.xml</path>
        <guid>c9da9abf-eaf9-4ed7-8b69-050061d2c976</guid>
    </files>
    <files>
        <path>media/clothing/clothingItems/WristWatch_Right_DigitalBlackSurvivalFish.xml</path>
        <guid>378f842d-d873-4551-b45f-9d1960a3119f</guid>
    </files>
    <files>
        <path>media/clothing/clothingItems/WristWatch_Right_DigitalBlackSurvivalFishLineOra.xml</path>
        <guid>d299e3ca-f3ae-4445-a9d6-b564b4c18add</guid>
    </files>
    <files>
        <path>media/clothing/clothingItems/WristWatch_Right_DigitalBlackSurvivalFishOra.xml</path>
        <guid>74bd1ded-5005-407a-a85e-e270971b01da</guid>
    </files>
    <files>
        <path>media/clothing/clothingItems/WristWatch_Right_DigitalBlackSurvivalNail.xml</path>
        <guid>aca3909c-6d46-4623-aa49-426bb439bd49</guid>
    </files>
    <files>
        <path>media/clothing/clothingItems/WristWatch_Left_DigitalRedBushcraftFish.xml</path>
        <guid>2ac337a4-1342-4adf-8dfe-6dd8ab4f9c8f</guid>
    </files>
    <files>
        <path>media/clothing/clothingItems/WristWatch_Left_DigitalRedBushcraftTrap.xml</path>
        <guid>6a35f896-dd36-4269-a44b-3250218c8944</guid>
    </files>
    <files>
        <path>media/clothing/clothingItems/WristWatch_Left_DigitalRedDean.xml</path>
        <guid>209232ab-6bd4-494c-b671-920071d315fa</guid>
    </files>
    <files>
        <path>media/clothing/clothingItems/WristWatch_Left_DigitalRedSurvival.xml</path>
        <guid>8ab45de0-176c-4a1e-96c0-63ca42b5a4aa</guid>
    </files>
    <files>
        <path>media/clothing/clothingItems/WristWatch_Left_DigitalRedSurvivalFish.xml</path>
        <guid>45460310-2b2a-471e-b92f-06c1e4b9c898</guid>
    </files>
    <files>
        <path>media/clothing/clothingItems/WristWatch_Left_DigitalRedSurvivalFishLineOra.xml</path>
        <guid>9636e793-7747-4b24-9c5d-5497a34b88d1</guid>
    </files>
    <files>
        <path>media/clothing/clothingItems/WristWatch_Left_DigitalRedSurvivalFishOra.xml</path>
        <guid>04e91fc93-023c-4001-9a7e-7bcd872b98fc</guid>
    </files>
    <files>
        <path>media/clothing/clothingItems/WristWatch_Left_DigitalRedSurvivalNail.xml</path>
        <guid>cf23c79d-0ab2-4bc7-b7a1-7d18762ef250</guid>
    </files>
    <files>
        <path>media/clothing/clothingItems/WristWatch_Right_DigitalRedBushcraftFish.xml</path>
        <guid>24c24ed8-1de5-4fe8-b545-2f914ed36fa5</guid>
    </files>
    <files>
        <path>media/clothing/clothingItems/WristWatch_Right_DigitalRedBushcraftTrap.xml</path>
        <guid>08964ae9-3f60-4e0b-ba92-931dac246c65</guid>
    </files>
    <files>
        <path>media/clothing/clothingItems/WristWatch_Right_DigitalRedDean.xml</path>
        <guid>88be0b14-ac84-45ae-ae53-5c44d76ab3d8</guid>
    </files>
    <files>
        <path>media/clothing/clothingItems/WristWatch_Right_DigitalRedSurvival.xml</path>
        <guid>a3b61913-512b-4c6c-8b50-092ffb651201</guid>
    </files>
    <files>
        <path>media/clothing/clothingItems/WristWatch_Right_DigitalRedSurvivalFish.xml</path>
        <guid>9516a877-364f-4161-91be-79c980e9d0a7</guid>
    </files>
    <files>
        <path>media/clothing/clothingItems/WristWatch_Right_DigitalRedSurvivalFishLineOra.xml</path>
        <guid>051d70f7-bde0-41ff-8cfe-9d2cd37ee1e1</guid>
    </files>
    <files>
        <path>media/clothing/clothingItems/WristWatch_Right_DigitalRedSurvivalFishOra.xml</path>
        <guid>2e98a8ee-2934-417f-bf63-aa69f76dce9c</guid>
    </files>
    <files>
        <path>media/clothing/clothingItems/WristWatch_Right_DigitalRedSurvivalNail.xml</path>
        <guid>2e98a8ee-2934-417f-bf63-aa69f76dce9c</guid>
    </files>
	<files>
		<path>media/clothing/clothingItems/Bracelet_LeftFriendshipTINT.xml</path>
		<guid>4c7aadbc-1387-4de2-b4d4-b573b2d14f8e</guid>
	</files>
	<files>
		<path>media/clothing/clothingItems/Bracelet_RightFriendshipTINT.xml</path>
		<guid>e0326808-75a8-4bef-a712-ef89dddd7b1f</guid>
	</files>
</fileGuidTable>

